VehicleDescription,VehicleId,Make_Model,OverallRating
2022 Ford Bronco 2DR SUV 4WD,17037,Ford BRONCO,Not Rated
2022 Ford Bronco 4DR SUV 4WD,16331,Ford BRONCO,Not Rated
2022 Ford Bronco Sport SUV 4WD,16332,Ford BRONCO SPORT,5
2022 Ford EcoSport SUV AWD,16376,Ford ECOSPORT,4
2022 Ford EcoSport SUV FWD,16333,Ford ECOSPORT,4
2022 Ford Edge SUV AWD,16377,Ford EDGE,5
2022 Ford Edge SUV FWD,16334,Ford EDGE,5
2022 Ford Escape SUV AWD,16378,Ford ESCAPE,5
2022 Ford Escape SUV FWD,16335,Ford ESCAPE,5
2022 Ford Escape HEV SUV AWD,16379,Ford ESCAPE HEV,5
2022 Ford Escape HEV SUV FWD,16336,Ford ESCAPE HEV,5
2022 Ford Escape PHEV SUV FWD,16337,Ford ESCAPE PHEV,5
2022 Ford Expedition SUV 4WD,16380,Ford EXPEDITION,5
2022 Ford Expedition SUV 2WD,16338,Ford EXPEDITION,5
2022 Ford Expedition EL SUV 4WD,16381,Ford EXPEDITION EL,5
2022 Ford Expedition EL SUV 2WD,16339,Ford EXPEDITION EL,5
2022 Ford Explorer SUV 4WD,16382,Ford EXPLORER,Not Rated
2022 Ford Explorer SUV RWD,16340,Ford EXPLORER,Not Rated
2022 Ford Explorer HEV SUV 4WD,16383,Ford EXPLORER HEV,Not Rated
2022 Ford Explorer HEV SUV RWD,16341,Ford EXPLORER HEV,Not Rated
2022 Ford F-150  Regular Cab PU/RC 4WD,16384,Ford F-150  REGULAR CAB,5
2022 Ford F-150  Regular Cab PU/RC 2WD,16342,Ford F-150  REGULAR CAB,5
2022 Ford F-150  Super Cab PU/EC 4WD,16385,Ford F-150  SUPER CAB,5
2022 Ford F-150  Super Cab PU/EC 2WD,16343,Ford F-150  SUPER CAB,5
2022 Ford F-150 (Super Crew) Lightning BEV 4WD,16348,Ford F-150 (Super Crew) Lightning BEV,5
2022 Ford F-150 Super Cab Diesel PU/EC 4WD,16386,Ford F-150 SUPER CAB DIESEL,Not Rated
2022 Ford F-150 Super Cab Diesel PU/EC 2WD,16344,Ford F-150 SUPER CAB DIESEL,Not Rated
2022 Ford F-150 Super Crew PU/CC 4WD,16387,Ford F-150 SUPER CREW,5
2022 Ford F-150 Super Crew PU/CC 2WD,16345,Ford F-150 SUPER CREW,5
2022 Ford F-150 Super Crew Diesel PU/CC 4WD,16388,Ford F-150 SUPER CREW DIESEL,Not Rated
2022 Ford F-150 Super Crew Diesel PU/CC 2WD,16346,Ford F-150 SUPER CREW DIESEL,Not Rated
2022 Ford F-150 Super Crew HEV PU/CC 4WD,16389,Ford F-150 SUPER CREW HEV,5
2022 Ford F-150 Super Crew HEV PU/CC 2WD,16347,Ford F-150 SUPER CREW HEV,5
2022 Ford F-250 Crew Cab PU/CC 4WD,16392,Ford F-250 CREW CAB,4
2022 Ford F-250 Crew Cab PU/CC 2WD,16351,Ford F-250 CREW CAB,5
2022 Ford F-250 Regular Cab PU/RC 4WD,16390,Ford F-250 REGULAR CAB,4
2022 Ford F-250 Regular Cab PU/RC 2WD,16349,Ford F-250 REGULAR CAB,4
2022 Ford F-250 Super Cab PU/EC 4WD,16391,Ford F-250 SUPER CAB,4
2022 Ford F-250 Super Cab PU/EC 2WD,16350,Ford F-250 SUPER CAB,5
2022 Ford F-250 Tremor Crew Cab PU/CC 4WD,16352,Ford F-250 TREMOR CREW CAB,4
2022 Ford F-350 Crew Cab PU/CC 4WD,16395,Ford F-350 CREW CAB,Not Rated
2022 Ford F-350 Crew Cab PU/CC 2WD,16355,Ford F-350 CREW CAB,Not Rated
2022 Ford F-350 Regular Cab PU/RC 4WD,16393,Ford F-350 REGULAR CAB,Not Rated
2022 Ford F-350 Regular Cab PU/RC 2WD,16353,Ford F-350 REGULAR CAB,Not Rated
2022 Ford F-350 Super Cab PU/EC 4WD,16394,Ford F-350 SUPER CAB,Not Rated
2022 Ford F-350 Super Cab PU/EC 2WD,16354,Ford F-350 SUPER CAB,Not Rated
2022 Ford GT 2 DR RWD,16356,Ford GT,Not Rated
2022 Ford Maverick PU/CC 4WD,16396,Ford MAVERICK,4
2022 Ford Maverick PU/CC FWD,16357,Ford MAVERICK,4
2022 Ford Maverick HEV PU/CC FWD,16358,Ford MAVERICK HEV,4
2022 Ford Mustang C RWD,16361,Ford MUSTANG,Not Rated
2022 Ford Mustang 2 DR RWD,16359,Ford MUSTANG,5
2022 Ford Mustang GT 500 2 DR RWD,16360,Ford MUSTANG GT 500,5
2022 Ford Mustang Mach-E SUV AWD,16398,Ford MUSTANG MACH-E,Not Rated
2022 Ford Mustang Mach-E SUV RWD,16362,Ford MUSTANG MACH-E,Not Rated
2022 Ford Ranger Super Cab PU/EC 4WD,16399,Ford RANGER SUPER CAB,4
2022 Ford Ranger Super Cab PU/EC 2WD,16363,Ford RANGER SUPER CAB,4
2022 Ford Ranger Super Crew PU/CC 4WD,16400,Ford RANGER SUPER CREW,4
2022 Ford Ranger Super Crew PU/CC 2WD,16364,Ford RANGER SUPER CREW,4
2022 Ford Transit Connect Van VAN FWD,16365,Ford TRANSIT CONNECT VAN,Not Rated
2022 Ford Transit Connect Wagon Wagon FWD,16366,Ford TRANSIT CONNECT WAGON,4
"2022 Ford Transit High Roof (8,10,12) Pass WAGON RWD",16520,"Ford TRANSIT HIGH ROOF (8,10,12) PASS",2
"2022 Ford Transit High Roof (8,10,12) Pass WAGON AWD",16491,"Ford TRANSIT HIGH ROOF (8,10,12) PASS",3
2022 Ford Transit High Roof 15 Pass WAGON RWD,16493,Ford TRANSIT HIGH ROOF 15 PASS,3
2022 Ford Transit High Roof 15 Pass WAGON AWD,16492,Ford TRANSIT HIGH ROOF 15 PASS,3
"2022 Ford Transit Low Roof (8,10,12) Pass WAGON RWD",16495,"Ford TRANSIT LOW ROOF (8,10,12) PASS",4
"2022 Ford Transit Low Roof (8,10,12) Pass WAGON AWD",16494,"Ford TRANSIT LOW ROOF (8,10,12) PASS",Not Rated
2022 Ford Transit Low Roof 15 Pass WAGON RWD,16497,Ford TRANSIT LOW ROOF 15 PASS,3
2022 Ford Transit Low Roof 15 Pass WAGON AWD,16496,Ford TRANSIT LOW ROOF 15 PASS,Not Rated
"2022 Ford Transit Medium Roof (8,10,12) Pass WAGON RWD",16490,"Ford TRANSIT MEDIUM ROOF (8,10,12) PASS",3
"2022 Ford Transit Medium Roof (8,10,12) Pass WAGON AWD",16489,"Ford TRANSIT MEDIUM ROOF (8,10,12) PASS",Not Rated
2022 Ford Transit Medium Roof 15 Pass WAGON RWD,16499,Ford TRANSIT MEDIUM ROOF 15 PASS,3
2022 Ford Transit Medium Roof 15 Pass WAGON AWD,16498,Ford TRANSIT MEDIUM ROOF 15 PASS,Not Rated
2022 Ford Transit Van VAN AWD,16401,Ford TRANSIT VAN,Not Rated
2022 Ford Transit Van VAN RWD,16367,Ford TRANSIT VAN,Not Rated
2022 Ford Transit Van Battery Electric VAN RWD,16368,Ford TRANSIT VAN BATTERY ELECTRIC,Not Rated
2022 Toyota 4RUNNER SUV AWD,16664,Toyota 4RUNNER,4
2022 Toyota 4RUNNER SUV 2WD,16639,Toyota 4RUNNER,4
2022 Toyota AVALON 4 DR FWD,16630,Toyota AVALON,5
2022 Toyota AVALON HYBRID 4 DR FWD,16631,Toyota AVALON HYBRID,5
2022 Toyota C-HR 5 HB FWD,16650,Toyota C-HR,4
2022 Toyota CAMRY 4 DR AWD,16662,Toyota CAMRY,5
2022 Toyota CAMRY 4 DR FWD,16632,Toyota CAMRY,5
2022 Toyota CAMRY HYBRID 4 DR FWD,16633,Toyota CAMRY HYBRID,5
2022 Toyota COROLLA 4 DR FWD,16634,Toyota COROLLA,5
2022 Toyota COROLLA CROSS SUV AWD,16984,Toyota COROLLA CROSS,Not Rated
2022 Toyota COROLLA CROSS SUV FWD,16983,Toyota COROLLA CROSS,Not Rated
2022 Toyota COROLLA HATCHBACK 5 HB FWD,16636,Toyota COROLLA HATCHBACK,5
2022 Toyota COROLLA HYBRID 4 DR FWD,16635,Toyota COROLLA HYBRID,5
2022 Toyota GR86 2 DR RWD,16682,Toyota GR86,Not Rated
2022 Toyota HIGHLANDER SUV AWD,16668,Toyota HIGHLANDER,5
2022 Toyota HIGHLANDER SUV FWD,16645,Toyota HIGHLANDER,5
2022 Toyota HIGHLANDER HYBRID SUV AWD,16669,Toyota HIGHLANDER HYBRID,5
2022 Toyota HIGHLANDER HYBRID SUV FWD,16646,Toyota HIGHLANDER HYBRID,5
2022 Toyota MIRAI 4 DR RWD,16649,Toyota MIRAI,Not Rated
2022 Toyota PRIUS 5 HB AWD,16663,Toyota PRIUS,5
2022 Toyota PRIUS 5 HB FWD,16637,Toyota PRIUS,5
2022 Toyota PRIUS PRIME 5 HB FWD,16638,Toyota PRIUS PRIME,5
2022 Toyota RAV4 SUV AWD,16665,Toyota RAV4,5
2022 Toyota RAV4 SUV FWD,16640,Toyota RAV4,5
2022 Toyota RAV4 HYBRID SUV AWD,16641,Toyota RAV4 HYBRID,5
2022 Toyota RAV4 PRIME SUV AWD,16642,Toyota RAV4 PRIME,Not Rated
2022 Toyota SEQUOIA SUV 4WD,16667,Toyota SEQUOIA,Not Rated
2022 Toyota SEQUOIA SUV 2WD,16644,Toyota SEQUOIA,Not Rated
2022 Toyota SIENNA HYBRID VAN AWD,16666,Toyota SIENNA HYBRID,5
2022 Toyota SIENNA HYBRID VAN FWD,16643,Toyota SIENNA HYBRID,5
2022 Toyota Supra 2 DR RWD,16102,Toyota SUPRA,Not Rated
2022 Toyota TACOMA PU/CC 4WD,16671,Toyota TACOMA,4
2022 Toyota TACOMA PU/EC 4WD,16670,Toyota TACOMA,4
2022 Toyota TACOMA PU/CC 2WD,16648,Toyota TACOMA,4
2022 Toyota TACOMA PU/EC 2WD,16647,Toyota TACOMA,4
2022 Toyota TUNDRA PU/CC 4WD,17035,Toyota TUNDRA,5
2022 Toyota TUNDRA PU/CC 2WD,17034,Toyota TUNDRA,Not Rated
2022 Toyota TUNDRA PU/EC 4WD,17033,Toyota TUNDRA,Not Rated
2022 Toyota TUNDRA PU/EC 2WD,17032,Toyota TUNDRA,Not Rated
2022 Toyota TUNDRA HYBRID PU/CC 4WD,18966,Toyota TUNDRA HYBRID,5
2022 Toyota TUNDRA HYBRID PU/CC 2WD,18965,Toyota TUNDRA HYBRID,Not Rated
2022 Toyota VENZA HYBRID SUV AWD,16651,Toyota VENZA HYBRID,5
2022 Tesla Model 3 4 DR AWD,16534,Tesla MODEL 3,5
2022 Tesla Model 3 4 DR RWD,16533,Tesla MODEL 3,5
2022 Tesla Model S (All Variants) 5 HB AWD,19942,Tesla MODEL S (ALL VARIANTS),Not Rated
2022 Tesla Model X (All Variants) SUV AWD,19943,Tesla MODEL X (ALL VARIANTS),Not Rated
2022 Tesla Model Y  5-Seat SUV RWD,16536,Tesla MODEL Y  5-SEAT,5
2022 Tesla Model Y  5-Seat SUV AWD,16535,Tesla MODEL Y  5-SEAT,5
2022 Tesla Model Y 7-Seat SUV RWD,16538,Tesla MODEL Y 7-SEAT,5
2022 Tesla Model Y 7-Seat SUV AWD,16537,Tesla MODEL Y 7-SEAT,5
2022 Chevrolet Blazer SUV AWD,16089,Chevrolet BLAZER,5
2022 Chevrolet Blazer SUV FWD,16079,Chevrolet BLAZER,5
2022 Chevrolet Bolt EUV SUV FWD,16009,Chevrolet BOLT EUV,5
2022 Chevrolet Bolt EV 5 HB FWD,16008,Chevrolet BOLT EV,5
2022 Chevrolet Camaro C RWD,16064,Chevrolet CAMARO,Not Rated
2022 Chevrolet Camaro 2 DR RWD,16060,Chevrolet CAMARO,5
2022 Chevrolet Camaro LT1 C RWD,16065,Chevrolet CAMARO LT1,Not Rated
2022 Chevrolet Camaro LT1 2 DR RWD,16061,Chevrolet CAMARO LT1,5
2022 Chevrolet Camaro SS C RWD,16066,Chevrolet CAMARO SS,Not Rated
2022 Chevrolet Camaro SS 2 DR RWD,16062,Chevrolet CAMARO SS,5
2022 Chevrolet Camaro ZL1 C RWD,16067,Chevrolet CAMARO ZL1,Not Rated
2022 Chevrolet Camaro ZL1 2 DR RWD,16063,Chevrolet CAMARO ZL1,Not Rated
2022 Chevrolet Colorado PU/CC 4WD,16028,Chevrolet COLORADO,4
2022 Chevrolet Colorado PU/EC 4WD,16026,Chevrolet COLORADO,4
2022 Chevrolet Colorado PU/CC 2WD,16018,Chevrolet COLORADO,4
2022 Chevrolet Colorado PU/EC 2WD,16016,Chevrolet COLORADO,4
2022 Chevrolet Equinox SUV AWD,16024,Chevrolet EQUINOX,5
2022 Chevrolet Equinox SUV FWD,16014,Chevrolet EQUINOX,5
2022 Chevrolet Express Cargo 2500 VAN RWD,16321,Chevrolet EXPRESS CARGO 2500,Not Rated
2022 Chevrolet Express Cargo 3500 VAN RWD,16322,Chevrolet EXPRESS CARGO 3500,Not Rated
2022 Chevrolet Express Passenger 2500 VAN RWD,16323,Chevrolet EXPRESS PASSENGER 2500,Not Rated
2022 Chevrolet Express Passenger 3500 - 12 Passenger VAN RWD,16324,Chevrolet EXPRESS PASSENGER 3500 - 12 PASSENGER,Not Rated
2022 Chevrolet Express Passenger 3500 - 15 Passenger VAN RWD,16325,Chevrolet EXPRESS PASSENGER 3500 - 15 PASSENGER,Not Rated
2022 Chevrolet Malibu 4 DR FWD,16059,Chevrolet MALIBU,4
2022 Chevrolet Silverado 1500 PU/CC 4WD,16860,Chevrolet SILVERADO 1500,5
2022 Chevrolet Silverado 1500 PU/EC 4WD,16856,Chevrolet SILVERADO 1500,Not Rated
2022 Chevrolet Silverado 1500 PU/RC 4WD,16852,Chevrolet SILVERADO 1500,Not Rated
2022 Chevrolet Silverado 1500 PU/CC 2WD,16848,Chevrolet SILVERADO 1500,5
2022 Chevrolet Silverado 1500 PU/EC 2WD,16844,Chevrolet SILVERADO 1500,Not Rated
2022 Chevrolet Silverado 1500 PU/RC 2WD,16840,Chevrolet SILVERADO 1500,Not Rated
2022 Chevrolet Silverado 1500 LTD PU/CC 4WD,16859,Chevrolet SILVERADO 1500 LTD,4
2022 Chevrolet Silverado 1500 LTD PU/EC 4WD,16855,Chevrolet SILVERADO 1500 LTD,4
2022 Chevrolet Silverado 1500 LTD PU/RC 4WD,16851,Chevrolet SILVERADO 1500 LTD,4
2022 Chevrolet Silverado 1500 LTD PU/CC 2WD,16847,Chevrolet SILVERADO 1500 LTD,4
2022 Chevrolet Silverado 1500 LTD PU/EC 2WD,16843,Chevrolet SILVERADO 1500 LTD,4
2022 Chevrolet Silverado 1500 LTD PU/RC 2WD,16839,Chevrolet SILVERADO 1500 LTD,4
2022 Chevrolet Silverado 2500 PU/CC 2WD,16289,Chevrolet SILVERADO 2500,Not Rated
2022 Chevrolet Silverado 2500 PU/EC 2WD,16287,Chevrolet SILVERADO 2500,Not Rated
2022 Chevrolet Silverado 2500 PU/RC 2WD,16285,Chevrolet SILVERADO 2500,Not Rated
2022 Chevrolet Silverado 2500 PU/CC 4WD,16251,Chevrolet SILVERADO 2500,Not Rated
2022 Chevrolet Silverado 2500 PU/EC 4WD,16249,Chevrolet SILVERADO 2500,Not Rated
2022 Chevrolet Silverado 2500 PU/RC 4WD,16247,Chevrolet SILVERADO 2500,Not Rated
2022 Chevrolet Spark 5 HB FWD,16058,Chevrolet SPARK,Not Rated
2022 Chevrolet Suburban SUV 2WD,16282,Chevrolet SUBURBAN,4
2022 Chevrolet Suburban SUV 4WD,16244,Chevrolet SUBURBAN,4
2022 Chevrolet Tahoe SUV 2WD,16279,Chevrolet TAHOE,4
2022 Chevrolet Tahoe SUV 4WD,16241,Chevrolet TAHOE,4
2022 Chevrolet Trailblazer SUV AWD,16023,Chevrolet TRAILBLAZER,5
2022 Chevrolet Trailblazer SUV FWD,16013,Chevrolet TRAILBLAZER,5
2022 Chevrolet Traverse SUV FWD,16277,Chevrolet TRAVERSE,4
2022 Chevrolet Traverse SUV AWD,16239,Chevrolet TRAVERSE,5
2022 Chevrolet Trax SUV AWD,16021,Chevrolet TRAX,5
2022 Chevrolet Trax SUV FWD,16011,Chevrolet TRAX,5
2022 Honda ACCORD 4 DR FWD,16835,Honda ACCORD,5
2022 Honda ACCORD HYBRID 4 DR FWD,16834,Honda ACCORD HYBRID,5
2022 Honda CIVIC 4 DR FWD,16478,Honda CIVIC,5
2022 Honda CIVIC HATCHBACK 5 HB FWD,16836,Honda CIVIC HATCHBACK,5
2022 Honda CIVIC SEDAN SI 4 DR FWD,17012,Honda CIVIC SEDAN SI,5
2022 Honda CR-V SUV AWD,16485,Honda CR-V,5
2022 Honda CR-V SUV FWD,16479,Honda CR-V,5
2022 Honda CR-V HYBRID SUV AWD,16480,Honda CR-V HYBRID,5
2022 Honda HR-V SUV AWD,16038,Honda HR-V,5
2022 Honda HR-V SUV FWD,16037,Honda HR-V,5
2022 Honda INSIGHT 4 DR FWD,16031,Honda INSIGHT,5
2022 Honda ODYSSEY VAN FWD,15923,Honda ODYSSEY,5
2022 Honda PASSPORT SUV AWD,17015,Honda PASSPORT,5
2022 Honda PASSPORT SUV FWD,17014,Honda PASSPORT,5
2022 Honda PILOT SUV AWD,16486,Honda PILOT,5
2022 Honda PILOT SUV FWD,16481,Honda PILOT,5
2022 Honda RIDGELINE PU/CC AWD,16487,Honda RIDGELINE,5
2022 Honda RIDGELINE PU/CC FWD,16482,Honda RIDGELINE,5
2022 Nissan Altima 4DR AWD,16821,Nissan ALTIMA,5
2022 Nissan Altima 4DR FWD,16804,Nissan ALTIMA,5
2022 Nissan Armada SUV AWD,16829,Nissan ARMADA,Not Rated
2022 Nissan Armada SUV RWD,16816,Nissan ARMADA,Not Rated
2022 Nissan Frontier Crew Cab PU/CC 4WD,16823,Nissan FRONTIER,4
2022 Nissan Frontier King Cab PU/EC 4WD,16822,Nissan FRONTIER,Not Rated
2022 Nissan Frontier Crew Cab PU/CC RWD,16807,Nissan FRONTIER,4
2022 Nissan Frontier King Cab PU/EC RWD,16806,Nissan FRONTIER,Not Rated
2022 Nissan Kicks SUV FWD,17009,Nissan KICKS,4
2022 Nissan LEAF (40 KWh Battery) 5 HB FWD,16812,Nissan LEAF (40 KWH BATTERY),5
2022 Nissan LEAF PLUS (62 KWh Battery) 5 HB FWD,16813,Nissan LEAF PLUS (62 KWH BATTERY),5
2022 Nissan Maxima 4 FWD,16805,Nissan MAXIMA,5
2022 Nissan Murano SUV AWD,16827,Nissan MURANO,5
2022 Nissan Murano SUV FWD,16814,Nissan MURANO,5
2022 Nissan Pathfinder SUV AWD,16045,Nissan PATHFINDER,5
2022 Nissan Pathfinder SUV FWD,16041,Nissan PATHFINDER,Not Rated
2022 Nissan Rogue SUV FWD Later Release,17136,Nissan ROGUE,5
2022 Nissan Rogue SUV AWD Later Release,17135,Nissan ROGUE,5
2022 Nissan Rogue SUV AWD Early Release,16828,Nissan ROGUE,4
2022 Nissan Rogue SUV FWD  Early Release,16815,Nissan ROGUE,4
2022 Nissan Rogue Sport SUV AWD,16830,Nissan ROGUE SPORT,5
2022 Nissan Rogue Sport SUV FWD,16817,Nissan ROGUE SPORT,4
2022 Nissan Sentra 4 FWD,16803,Nissan SENTRA,5
2022 Nissan Titan Crew Cab PU/CC 4WD,16825,Nissan TITAN CREW CAB,4
2022 Nissan Titan Crew Cab PU/CC RWD,16810,Nissan TITAN CREW CAB,4
2022 Nissan Titan King Cab PU/EC 4WD,16824,Nissan TITAN KING CAB,Not Rated
2022 Nissan Titan King Cab PU/EC RWD,16809,Nissan TITAN KING CAB,Not Rated
2022 Nissan Titan XD Crew Cab PU/CC 4WD,16808,Nissan TITAN XD CREW CAB,Not Rated
2022 Nissan Versa 4 FWD,16802,Nissan VERSA,5
2022 Jeep Cherokee SUV AWD,16460,Jeep CHEROKEE,4
2022 Jeep Cherokee SUV FWD,16424,Jeep CHEROKEE,4
2022 Jeep Compass SUV AWD,16461,Jeep COMPASS,4
2022 Jeep Compass SUV FWD,16425,Jeep COMPASS,4
2022 Jeep Gladiator PU/CC 4WD,16426,Jeep GLADIATOR,Not Rated
2022 Jeep Gladiator DIESEL PU/CC 4WD,16427,Jeep GLADIATOR DIESEL,Not Rated
2022 Jeep Grand Cherokee SUV 4WD,16464,Jeep GRAND CHEROKEE,Not Rated
2022 Jeep Grand Cherokee SUV 2WD,16430,Jeep GRAND CHEROKEE,Not Rated
2022 Jeep Grand Cherokee L SUV 4WD,16463,Jeep GRAND CHEROKEE L,5
2022 Jeep Grand Cherokee L SUV 2WD,16429,Jeep GRAND CHEROKEE L,5
2022 Jeep Grand Cherokee PHEV SUV 4WD,17030,Jeep GRAND CHEROKEE PHEV,Not Rated
2022 Jeep Grand Cherokee WK SUV AWD,16462,Jeep GRAND CHEROKEE WK,5
2022 Jeep Grand Cherokee WK SUV RWD,16428,Jeep GRAND CHEROKEE WK,4
2022 Jeep Grand Wagoneer SUV 4WD,16466,Jeep GRAND WAGONEER,Not Rated
2022 Jeep Grand Wagoneer SUV 2WD,16432,Jeep GRAND WAGONEER,Not Rated
2022 Jeep Renegade SUV AWD,16467,Jeep RENEGADE,4
2022 Jeep Renegade SUV FWD,16433,Jeep RENEGADE,4
2022 Jeep Wagoneer SUV 4WD,16465,Jeep WAGONEER,Not Rated
2022 Jeep Wagoneer SUV 2WD,16431,Jeep WAGONEER,Not Rated
2022 Jeep Wrangler SUV 4WD,16434,Jeep WRANGLER,Not Rated
2022 Jeep Wrangler Unlimited SUV 4WD,16435,Jeep WRANGLER UNLIMITED,Not Rated
2022 Jeep Wrangler Unlimited 392 SUV 4WD,16439,Jeep WRANGLER UNLIMITED 392,Not Rated
2022 Jeep Wrangler Unlimited DIESEL SUV 4WD,16437,Jeep WRANGLER UNLIMITED DIESEL,Not Rated
2022 Jeep Wrangler Unlimited PHEV SUV 4WD,16438,Jeep WRANGLER UNLIMITED PHEV,Not Rated
2022 Jeep Wrangler Unlimited RHD SUV 4WD,16436,Jeep WRANGLER UNLIMITED RHD,Not Rated
2022 Hyundai Accent 4 DR FWD,16593,Hyundai ACCENT,4
2022 Hyundai Elantra 4 DR FWD,15976,Hyundai ELANTRA,5
2022 Hyundai Elantra Hybrid 4 DR FWD,15977,Hyundai ELANTRA HYBRID,5
2022 Hyundai Elantra N 4 DR FWD,16592,Hyundai ELANTRA N,Not Rated
2022 Hyundai Ioniq 5 SUV AWD,16597,Hyundai IONIQ 5,5
2022 Hyundai Ioniq 5 SUV RWD,16595,Hyundai IONIQ 5,Not Rated
2022 Hyundai Ioniq Hybrid 4 DR FWD,15979,Hyundai IONIQ HYBRID,Not Rated
2022 Hyundai Ioniq Plug-in Hybrid 4 DR FWD,15978,Hyundai IONIQ PLUG-IN HYBRID,Not Rated
2022 Hyundai Kona SUV AWD,15992,Hyundai KONA,5
2022 Hyundai Kona SUV FWD,15967,Hyundai KONA,5
2022 Hyundai Kona Electric SUV FWD,15968,Hyundai KONA ELECTRIC,Not Rated
2022 Hyundai Kona N SUV FWD,15969,Hyundai KONA N,Not Rated
2022 Hyundai Nexo SUV FWD,16596,Hyundai NEXO,Not Rated
2022 Hyundai Palisade SUV AWD,15996,Hyundai PALISADE,5
2022 Hyundai Palisade SUV FWD,15974,Hyundai PALISADE,5
2022 Hyundai Santa Cruz PU/CC AWD,15997,Hyundai SANTA CRUZ,Not Rated
2022 Hyundai Santa Cruz PU/CC FWD,15975,Hyundai SANTA CRUZ,Not Rated
2022 Hyundai Santa Fe SUV AWD,15993,Hyundai SANTA FE,5
2022 Hyundai Santa Fe SUV FWD,15971,Hyundai SANTA FE,5
2022 Hyundai Santa Fe Hybrid SUV AWD,15994,Hyundai SANTA FE HYBRID,5
2022 Hyundai Santa Fe Plug-in Hybrid SUV AWD,15995,Hyundai SANTA FE PLUG-IN HYBRID,Not Rated
2022 Hyundai Sonata 4 DR FWD,15981,Hyundai SONATA,5
2022 Hyundai Sonata Hybrid 4 DR FWD,15982,Hyundai SONATA HYBRID,5
2022 Hyundai Tucson SUV FWD Later Release,17102,Hyundai TUCSON,5
2022 Hyundai Tucson SUV AWD Later Release,17101,Hyundai TUCSON,4
2022 Hyundai Tucson SUV AWD Early Release,15989,Hyundai TUCSON,4
2022 Hyundai Tucson SUV FWD Early Release,15964,Hyundai TUCSON,4
2022 Hyundai Tucson Hybrid SUV FWD Later Release,17104,Hyundai TUCSON HYBRID,5
2022 Hyundai Tucson Hybrid SUV AWD Later Release,17103,Hyundai TUCSON HYBRID,4
2022 Hyundai Tucson Hybrid SUV AWD Early Release,15990,Hyundai TUCSON HYBRID,4
2022 Hyundai Tucson Hybrid SUV FWD Early Release,15965,Hyundai TUCSON HYBRID,4
2022 Hyundai Tucson Plug-in Hybrid SUV AWD,15991,Hyundai TUCSON PLUG-IN HYBRID,Not Rated
2022 Hyundai Tucson Plug-in Hybrid SUV FWD,15966,Hyundai TUCSON PLUG-IN HYBRID,Not Rated
2022 Hyundai Veloster N 3 HB FWD,15970,Hyundai VELOSTER N,Not Rated
2022 Hyundai Venue 5 HB FWD,16594,Hyundai VENUE,4
2022 Subaru Ascent SUV AWD,16680,Subaru ASCENT,5
2022 Subaru BRZ 2 DR RWD,16681,Subaru BRZ,Not Rated
2022 Subaru Crosstrek SW AWD,16677,Subaru CROSSTREK,5
2022 Subaru Crosstrek Hybrid SW AWD,16678,Subaru CROSSTREK HYBRID,Not Rated
2022 Subaru Forester SUV AWD,16679,Subaru FORESTER,5
2022 Subaru Impreza SW AWD,16676,Subaru IMPREZA,5
2022 Subaru Impreza 4 DR AWD,16675,Subaru IMPREZA,5
2022 Subaru Legacy 4 DR AWD,16673,Subaru LEGACY,5
2022 Subaru Outback SW AWD,16674,Subaru OUTBACK,5
2022 Subaru WRX 4 DR AWD,17036,Subaru WRX,5
2022 GMC Acadia SUV AWD,16085,GMC ACADIA,5
2022 GMC Acadia SUV FWD,16075,GMC ACADIA,5
2022 GMC Canyon PU/CC 4WD,16029,GMC CANYON,4
2022 GMC Canyon PU/EC 4WD,16027,GMC CANYON,4
2022 GMC Canyon PU/CC 2WD,16019,GMC CANYON,4
2022 GMC Canyon PU/EC 2WD,16017,GMC CANYON,4
2022 GMC Savana Cargo 2500 VAN RWD,16326,GMC SAVANA CARGO 2500,Not Rated
2022 GMC Savana Cargo 3500 VAN RWD,16327,GMC SAVANA CARGO 3500,Not Rated
2022 GMC Savana Passenger 2500 VAN RWD,16328,GMC SAVANA PASSENGER 2500,Not Rated
2022 GMC Savana Passenger 3500 - 12 Passenger VAN RWD,16329,GMC SAVANA PASSENGER 3500 - 12 PASSENGER,Not Rated
2022 GMC Savana Passenger 3500 - 15 Passenger VAN RWD,16330,GMC SAVANA PASSENGER 3500 - 15 PASSENGER,Not Rated
2022 GMC Sierra 1500 PU/CC 4WD,16862,GMC SIERRA 1500,5
2022 GMC Sierra 1500 PU/EC 4WD,16858,GMC SIERRA 1500,Not Rated
2022 GMC Sierra 1500 PU/RC 4WD,16854,GMC SIERRA 1500,Not Rated
2022 GMC Sierra 1500 PU/CC 2WD,16850,GMC SIERRA 1500,5
2022 GMC Sierra 1500 PU/EC 2WD,16846,GMC SIERRA 1500,Not Rated
2022 GMC Sierra 1500 PU/RC 2WD,16842,GMC SIERRA 1500,Not Rated
2022 GMC Sierra 1500 Limited PU/CC 4WD,16861,GMC SIERRA 1500 LIMITED,4
2022 GMC Sierra 1500 Limited PU/EC 4WD,16857,GMC SIERRA 1500 LIMITED,4
2022 GMC Sierra 1500 Limited PU/RC 4WD,16853,GMC SIERRA 1500 LIMITED,4
2022 GMC Sierra 1500 Limited PU/CC 2WD,16849,GMC SIERRA 1500 LIMITED,4
2022 GMC Sierra 1500 Limited PU/EC 2WD,16845,GMC SIERRA 1500 LIMITED,4
2022 GMC Sierra 1500 Limited PU/RC 2WD,16841,GMC SIERRA 1500 LIMITED,4
2022 GMC Sierra 2500 PU/CC 2WD,16290,GMC SIERRA 2500,Not Rated
2022 GMC Sierra 2500 PU/EC 2WD,16288,GMC SIERRA 2500,Not Rated
2022 GMC Sierra 2500 PU/RC 2WD,16286,GMC SIERRA 2500,Not Rated
2022 GMC Sierra 2500 PU/CC 4WD,16252,GMC SIERRA 2500,Not Rated
2022 GMC Sierra 2500 PU/EC 4WD,16250,GMC SIERRA 2500,Not Rated
2022 GMC Sierra 2500 PU/RC 4WD,16248,GMC SIERRA 2500,Not Rated
2022 GMC Terrain SUV AWD,16025,GMC TERRAIN,5
2022 GMC Terrain SUV FWD,16015,GMC TERRAIN,5
2022 GMC Yukon SUV 2WD,16280,GMC YUKON,4
2022 GMC Yukon SUV 4WD,16242,GMC YUKON,4
2022 GMC Yukon XL SUV 2WD,16283,GMC YUKON XL,4
2022 GMC Yukon XL SUV 4WD,16245,GMC YUKON XL,4
2022 Ram 1500 Classic Crew Cab PU/CC 4WD,16470,Ram 1500 CLASSIC CREW CAB,4
2022 Ram 1500 Classic Crew Cab PU/CC 2WD,16442,Ram 1500 CLASSIC CREW CAB,4
2022 Ram 1500 Classic Quad Cab PU/EC 4WD,16469,Ram 1500 CLASSIC QUAD CAB,4
2022 Ram 1500 Classic Quad Cab PU/EC 2WD,16441,Ram 1500 CLASSIC QUAD CAB,4
2022 Ram 1500 Classic Regular Cab PU/RC 4WD,16468,Ram 1500 CLASSIC REGULAR CAB,4
2022 Ram 1500 Classic Regular Cab PU/RC 2WD,16440,Ram 1500 CLASSIC REGULAR CAB,4
2022 Ram 1500 Crew Cab PU/CC 4WD,16472,Ram 1500 CREW CAB,5
2022 Ram 1500 Crew Cab PU/CC 2WD,16444,Ram 1500 CREW CAB,5
2022 Ram 1500 Crew Cab TRX PU/CC 4WD,16445,Ram 1500 CREW CAB TRX,Not Rated
2022 Ram 1500 Quad Cab PU/EC 4WD,16471,Ram 1500 QUAD CAB,4
2022 Ram 1500 Quad Cab PU/EC 2WD,16443,Ram 1500 QUAD CAB,4
2022 Ram 2500 Crew Cab PU/CC 4WD,16474,Ram 2500 CREW CAB,4
2022 Ram 2500 Crew Cab PU/CC 2WD,16447,Ram 2500 CREW CAB,4
2022 Ram 2500 Mega Cab PU/CC 4WD,16448,Ram 2500 MEGA CAB,Not Rated
2022 Ram 2500 Regular Cab PU/RC 4WD,16473,Ram 2500 REGULAR CAB,Not Rated
2022 Ram 2500 Regular Cab PU/RC 2WD,16446,Ram 2500 REGULAR CAB,Not Rated
2022 Ram ProMaster VAN FWD,16450,Ram PROMASTER,Not Rated
2022 Ram ProMaster City VAN FWD,16449,Ram PROMASTER CITY,Not Rated
2022 Volkswagen Arteon SE 4 DR FWD,16500,Volkswagen ARTEON SE,Not Rated
2022 Volkswagen Arteon SEL Premium R-Line 4 DR AWD,16514,Volkswagen ARTEON SEL PREMIUM R-LINE,Not Rated
2022 Volkswagen Arteon SEL Premium R-Line 4 DR FWD,16502,Volkswagen ARTEON SEL PREMIUM R-LINE,Not Rated
2022 Volkswagen Arteon SEL R-Line 4 DR AWD,16513,Volkswagen ARTEON SEL R-LINE,Not Rated
2022 Volkswagen Arteon SEL R-Line 4 DR FWD,16501,Volkswagen ARTEON SEL R-LINE,Not Rated
2022 Volkswagen Atlas SUV AWD,16515,Volkswagen ATLAS,5
2022 Volkswagen Atlas SUV FWD,16503,Volkswagen ATLAS,5
2022 Volkswagen Atlas Cross Sport SUV AWD,16516,Volkswagen ATLAS CROSS SPORT,5
2022 Volkswagen Atlas Cross Sport SUV FWD,16504,Volkswagen ATLAS CROSS SPORT,5
2022 Volkswagen Golf GTI 4 DR FWD,16505,Volkswagen GOLF GTI,Not Rated
2022 Volkswagen Golf R 4 DR AWD,16506,Volkswagen GOLF R,Not Rated
2022 Volkswagen ID.4 SUV AWD,16517,Volkswagen ID.4,5
2022 Volkswagen ID.4 SUV RWD,16507,Volkswagen ID.4,5
2022 Volkswagen Jetta 4 DR FWD,16508,Volkswagen JETTA,5
2022 Volkswagen Jetta GLI 4 DR FWD,16509,Volkswagen JETTA GLI,5
2022 Volkswagen Passat 4 DR FWD,16510,Volkswagen PASSAT,4
2022 Volkswagen Taos SUV AWD,16518,Volkswagen TAOS,4
2022 Volkswagen Taos SUV FWD,16511,Volkswagen TAOS,4
2022 Volkswagen Tiguan SUV AWD,16519,Volkswagen TIGUAN,Not Rated
2022 Volkswagen Tiguan SUV FWD,16512,Volkswagen TIGUAN,Not Rated
2022 BMW 2 Series Coupe 2 DR AWD,17020,BMW 2 SERIES COUPE,Not Rated
2022 BMW 2 Series Coupe 2 DR RWD,17016,BMW 2 SERIES COUPE,Not Rated
2022 BMW 2 Series Gran Coupe 4 DR AWD,16104,BMW 2 SERIES GRAN COUPE,Not Rated
2022 BMW 3 Series 4 DR AWD,16196,BMW 3 SERIES,5
2022 BMW 3 Series 4 DR RWD,16105,BMW 3 SERIES,5
2022 BMW 330e 4 DR AWD,16197,BMW 330E,Not Rated
2022 BMW 330e 4 DR RWD,16106,BMW 330E,Not Rated
2022 BMW 4 Series C AWD,16200,BMW 4 SERIES,Not Rated
2022 BMW 4 Series 2 DR AWD,16199,BMW 4 SERIES,Not Rated
2022 BMW 4 Series C RWD,16110,BMW 4 SERIES,Not Rated
2022 BMW 4 Series 2 DR RWD,16108,BMW 4 SERIES,Not Rated
2022 BMW 4 Series Gran Coupe 4 DR AWD,17022,BMW 4 SERIES GRAN COUPE,Not Rated
2022 BMW 4 Series Gran Coupe 4 DR RWD,17018,BMW 4 SERIES GRAN COUPE,Not Rated
2022 BMW 5 Series 4 DR AWD,16201,BMW 5 SERIES,Not Rated
2022 BMW 5 Series 4 DR RWD,16111,BMW 5 SERIES,Not Rated
2022 BMW 530e 4 DR AWD,16202,BMW 530E,Not Rated
2022 BMW 530e 4 DR RWD,16112,BMW 530E,Not Rated
2022 BMW 7 Series 4 DR AWD,16203,BMW 7 SERIES,Not Rated
2022 BMW 7 Series 4 DR RWD,16114,BMW 7 SERIES,Not Rated
2022 BMW 745e xDrive 4 DR AWD,16116,BMW 745E XDRIVE,Not Rated
2022 BMW 8 Series C AWD,16205,BMW 8 SERIES,Not Rated
2022 BMW 8 Series 2 DR AWD,16204,BMW 8 SERIES,Not Rated
2022 BMW 8 Series C RWD,16119,BMW 8 SERIES,Not Rated
2022 BMW 8 Series 2 DR RWD,16117,BMW 8 SERIES,Not Rated
2022 BMW 8 Series Gran Coupe 4 DR AWD,16206,BMW 8 SERIES GRAN COUPE,Not Rated
2022 BMW 8 Series Gran Coupe 4 DR RWD,16121,BMW 8 SERIES GRAN COUPE,Not Rated
2022 BMW ALPINA B7 xDrive 4 DR AWD,16115,BMW ALPINA B7 XDRIVE,Not Rated
2022 BMW ALPINA XB7 SUV AWD,16135,BMW ALPINA XB7,Not Rated
2022 BMW i4 4 DR AWD,17023,BMW I4,Not Rated
2022 BMW i4 4 DR RWD,17019,BMW I4,Not Rated
2022 BMW iX SUV AWD,17039,BMW IX,Not Rated
2022 BMW M3 4 DR AWD,16198,BMW M3,Not Rated
2022 BMW M3 4 DR RWD,16107,BMW M3,Not Rated
2022 BMW M4 2 DR RWD,16109,BMW M4,Not Rated
2022 BMW M4 Convertible C AWD,17021,BMW M4 CONVERTIBLE,Not Rated
2022 BMW M4 Convertible C RWD,17017,BMW M4 CONVERTIBLE,Not Rated
2022 BMW M5 4 DR AWD,16113,BMW M5,Not Rated
2022 BMW M8 C AWD,16120,BMW M8,Not Rated
2022 BMW M8 2 DR AWD,16118,BMW M8,Not Rated
2022 BMW M8 Gran Coupe 4 DR AWD,16122,BMW M8 GRAN COUPE,Not Rated
2022 BMW X1 SUV AWD,16207,BMW X1,5
2022 BMW X1 SUV FWD,16123,BMW X1,5
2022 BMW X2 SUV AWD,16208,BMW X2,Not Rated
2022 BMW X2 SUV FWD,16124,BMW X2,Not Rated
2022 BMW X3 SUV AWD,16209,BMW X3,5
2022 BMW X3 SUV RWD,16125,BMW X3,5
2022 BMW X3 M SUV AWD,16126,BMW X3 M,Not Rated
2022 BMW X4 SUV AWD,16127,BMW X4,Not Rated
2022 BMW X4 M SUV AWD,16128,BMW X4 M,Not Rated
2022 BMW X5 SUV AWD,16210,BMW X5,4
2022 BMW X5 SUV RWD,16129,BMW X5,Not Rated
2022 BMW X5 Hybrid SUV AWD,16211,BMW X5 HYBRID,Not Rated
2022 BMW X5 Hybrid SUV RWD,16130,BMW X5 HYBRID,Not Rated
2022 BMW X5 M SUV AWD,16131,BMW X5 M,Not Rated
2022 BMW X6 SUV AWD,16212,BMW X6,Not Rated
2022 BMW X6 SUV RWD,16132,BMW X6,Not Rated
2022 BMW X6 M SUV AWD,16133,BMW X6 M,Not Rated
2022 BMW X7 SUV AWD,16134,BMW X7,Not Rated
2022 BMW Z4 C RWD,16103,BMW Z4,Not Rated
2022 Mercedes-Benz A-Class 4 DR 4WD,16795,Mercedes-Benz A-CLASS,Not Rated
2022 Mercedes-Benz A-Class 4 DR FWD,16773,Mercedes-Benz A-CLASS,Not Rated
2022 Mercedes-Benz C-Class 4 DR 4WD,16784,Mercedes-Benz C-CLASS,Not Rated
2022 Mercedes-Benz C-Class 4 DR RWD,16761,Mercedes-Benz C-CLASS,Not Rated
2022 Mercedes-Benz C-Class Cabriolet C 4WD,16786,Mercedes-Benz C-CLASS CABRIOLET,Not Rated
2022 Mercedes-Benz C-Class Cabriolet C RWD,16763,Mercedes-Benz C-CLASS CABRIOLET,Not Rated
2022 Mercedes-Benz C-Class Coupe 2 DR 4WD,16785,Mercedes-Benz C-CLASS COUPE,Not Rated
2022 Mercedes-Benz C-Class Coupe 2 DR RWD,16762,Mercedes-Benz C-CLASS COUPE,Not Rated
2022 Mercedes-Benz CLA-Class 4 DR 4WD,16796,Mercedes-Benz CLA-CLASS,Not Rated
2022 Mercedes-Benz CLA-Class 4 DR FWD,16774,Mercedes-Benz CLA-CLASS,Not Rated
2022 Mercedes-Benz CLS-Class 4 DR 4WD,16791,Mercedes-Benz CLS-CLASS,Not Rated
2022 Mercedes-Benz CLS-Class 4 DR RWD,16768,Mercedes-Benz CLS-CLASS,Not Rated
2022 Mercedes-Benz E-Class 4 DR 4WD,16787,Mercedes-Benz E-CLASS,5
2022 Mercedes-Benz E-Class 4 DR RWD,16764,Mercedes-Benz E-CLASS,5
2022 Mercedes-Benz E-Class Cabriolet C 4WD,16790,Mercedes-Benz E-CLASS CABRIOLET,Not Rated
2022 Mercedes-Benz E-Class Cabriolet C RWD,16767,Mercedes-Benz E-CLASS CABRIOLET,Not Rated
2022 Mercedes-Benz E-Class Coupe 2 DR 4WD,16789,Mercedes-Benz E-CLASS COUPE,Not Rated
2022 Mercedes-Benz E-Class Coupe 2 DR RWD,16766,Mercedes-Benz E-CLASS COUPE,Not Rated
2022 Mercedes-Benz E-Class station wagon SW 4WD,16788,Mercedes-Benz E-CLASS STATION WAGON,5
2022 Mercedes-Benz E-Class station wagon SW RWD,16765,Mercedes-Benz E-CLASS STATION WAGON,5
2022 Mercedes-Benz EQS 4 DR 4WD,16793,Mercedes-Benz EQS,Not Rated
2022 Mercedes-Benz EQS 4 DR RWD,16770,Mercedes-Benz EQS,Not Rated
2022 Mercedes-Benz G-Class SUV 4WD,16781,Mercedes-Benz G-CLASS,Not Rated
2022 Mercedes-Benz GLA-Class SUV 4WD,16797,Mercedes-Benz GLA-CLASS,Not Rated
2022 Mercedes-Benz GLA-Class SUV FWD,16775,Mercedes-Benz GLA-CLASS,Not Rated
2022 Mercedes-Benz GLB-Class SUV 4WD,16798,Mercedes-Benz GLB-CLASS,5
2022 Mercedes-Benz GLB-Class SUV FWD,16776,Mercedes-Benz GLB-CLASS,4
2022 Mercedes-Benz GLC-Class SUV 4WD,16799,Mercedes-Benz GLC-CLASS,5
2022 Mercedes-Benz GLC-Class SUV RWD,16777,Mercedes-Benz GLC-CLASS,5
2022 Mercedes-Benz GLC-Class Coupe SUV 4WD,16800,Mercedes-Benz GLC-CLASS COUPE,Not Rated
2022 Mercedes-Benz GLC-Class Coupe SUV RWD,16778,Mercedes-Benz GLC-CLASS COUPE,Not Rated
2022 Mercedes-Benz GLE-Class SUV 4WD,16801,Mercedes-Benz GLE-CLASS,5
2022 Mercedes-Benz GLE-Class SUV RWD,16779,Mercedes-Benz GLE-CLASS,5
2022 Mercedes-Benz GLE-Class Coupe SUV 4WD,16780,Mercedes-Benz GLE-CLASS COUPE,Not Rated
2022 Mercedes-Benz GLS-Class SUV 4WD,16782,Mercedes-Benz GLS-CLASS,Not Rated
2022 Mercedes-Benz GT Class 4DR 4 DR 4WD,16783,Mercedes-Benz GT CLASS 4DR,Not Rated
2022 Mercedes-Benz Mercedes-Maybach S-Class 4 DR 4WD,16771,Mercedes-Benz MERCEDES-MAYBACH S-CLASS,Not Rated
2022 Mercedes-Benz Metris Cargo VAN RWD,16929,Mercedes-Benz METRIS CARGO,Not Rated
2022 Mercedes-Benz Metris Passenger VAN RWD,16930,Mercedes-Benz METRIS PASSENGER,Not Rated
2022 Mercedes-Benz S-Class 4 DR 4WD,16792,Mercedes-Benz S-CLASS,Not Rated
2022 Mercedes-Benz S-Class 4 DR RWD,16769,Mercedes-Benz S-CLASS,Not Rated
2022 Mercedes-Benz SL-Class C 4WD,16794,Mercedes-Benz SL-CLASS,Not Rated
2022 Mercedes-Benz SL-Class C RWD,16772,Mercedes-Benz SL-CLASS,Not Rated
2022 Mercedes-Benz Sprinter 1500 Cargo Van VAN RWD,16934,Mercedes-Benz SPRINTER 1500 CARGO VAN,Not Rated
2022 Mercedes-Benz Sprinter 1500 Passenger Van VAN RWD,16931,Mercedes-Benz SPRINTER 1500 PASSENGER VAN,Not Rated
2022 Mercedes-Benz Sprinter 2500 12 Passenger Van VAN AWD,16955,Mercedes-Benz SPRINTER 2500 12 PASSENGER VAN,Not Rated
2022 Mercedes-Benz Sprinter 2500 12 Passenger Van VAN RWD,16932,Mercedes-Benz SPRINTER 2500 12 PASSENGER VAN,Not Rated
2022 Mercedes-Benz Sprinter 2500 15 Passenger Van VAN RWD,16933,Mercedes-Benz SPRINTER 2500 15 PASSENGER VAN,Not Rated
2022 Mercedes-Benz Sprinter 2500 Cargo Van (LWB) VAN AWD,16956,Mercedes-Benz SPRINTER 2500 CARGO VAN (LWB),Not Rated
2022 Mercedes-Benz Sprinter 2500 Cargo Van (LWB) VAN RWD,16935,Mercedes-Benz SPRINTER 2500 CARGO VAN (LWB),Not Rated
2022 Mercedes-Benz Sprinter 2500 Cargo Van (SWB) VAN AWD,16957,Mercedes-Benz SPRINTER 2500 CARGO VAN (SWB),Not Rated
2022 Mercedes-Benz Sprinter 2500 Cargo Van (SWB) VAN RWD,16936,Mercedes-Benz SPRINTER 2500 CARGO VAN (SWB),Not Rated
2022 Mercedes-Benz Sprinter 2500 Crew Van (LWB) VAN AWD,16959,Mercedes-Benz SPRINTER 2500 CREW VAN (LWB),Not Rated
2022 Mercedes-Benz Sprinter 2500 Crew Van (LWB) VAN RWD,16939,Mercedes-Benz SPRINTER 2500 CREW VAN (LWB),Not Rated
2022 Mercedes-Benz Sprinter 2500 Crew Van (SWB) VAN AWD,16958,Mercedes-Benz SPRINTER 2500 CREW VAN (SWB),Not Rated
2022 Mercedes-Benz Sprinter 2500 Crew Van (SWB) VAN RWD,16938,Mercedes-Benz SPRINTER 2500 CREW VAN (SWB),Not Rated
2022 Mercedes-Benz Sprinter 3500 Cargo Van VAN RWD,16937,Mercedes-Benz SPRINTER 3500 CARGO VAN,Not Rated
2022 Mercedes-Benz Sprinter 3500 Crew Van VAN RWD,16940,Mercedes-Benz SPRINTER 3500 CREW VAN,Not Rated
2022 Mercedes-Benz Sprinter 4500 Cargo Van VAN RWD,16942,Mercedes-Benz SPRINTER 4500 CARGO VAN,Not Rated
2022 Mercedes-Benz Sprinter 4500 Crew Van VAN RWD,16941,Mercedes-Benz SPRINTER 4500 CREW VAN,Not Rated
2022 Dodge Challenger 2 DR AWD,16418,Dodge CHALLENGER,5
2022 Dodge Challenger 2 DR RWD,16417,Dodge CHALLENGER,5
2022 Dodge Challenger (Driver) 2 DR RWD,16415,Dodge CHALLENGER (DRIVER),Not Rated
2022 Dodge Challenger (Front Seat) 2 DR RWD,16416,Dodge CHALLENGER (FRONT SEAT),5
2022 Dodge Challenger SRT 2 DR RWD,16420,Dodge CHALLENGER SRT,Not Rated
2022 Dodge Challenger SRT (Front Seat) 2 DR RWD,16419,Dodge CHALLENGER SRT (FRONT SEAT),Not Rated
2022 Dodge Charger 4 DR AWD,16457,Dodge CHARGER,5
2022 Dodge Charger 4 DR RWD,16412,Dodge CHARGER,5
2022 Dodge Charger Pursuit 4 DR AWD,16458,Dodge CHARGER PURSUIT,Not Rated
2022 Dodge Charger Pursuit 4 DR RWD,16414,Dodge CHARGER PURSUIT,Not Rated
2022 Dodge Charger SRT 4 DR RWD,16413,Dodge CHARGER SRT,Not Rated
2022 Dodge Durango SUV AWD,16459,Dodge DURANGO,4
2022 Dodge Durango SUV RWD,16421,Dodge DURANGO,4
2022 Dodge Durango Pursuit SUV AWD,16423,Dodge DURANGO PURSUIT,Not Rated
2022 Dodge Durango SRT SUV AWD,16422,Dodge DURANGO SRT,Not Rated
2022 Lexus ES 250 4 DR AWD,16614,Lexus ES 250,5
2022 Lexus ES 300h 4 DR FWD,16616,Lexus ES 300H,5
2022 Lexus ES 350 4 DR FWD,16615,Lexus ES 350,5
2022 Lexus GX 460 SUV AWD,16627,Lexus GX 460,Not Rated
2022 Lexus IS 300 4 DR AWD,16654,Lexus IS 300,5
2022 Lexus IS 300 4 DR RWD,16617,Lexus IS 300,5
2022 Lexus IS 350 4 DR AWD,16655,Lexus IS 350,5
2022 Lexus IS 350 4 DR RWD,16618,Lexus IS 350,5
2022 Lexus IS 500 4 DR RWD,16619,Lexus IS 500,5
2022 Lexus LC 500 C RWD,16613,Lexus LC 500,Not Rated
2022 Lexus LC 500 2 DR RWD,16611,Lexus LC 500,Not Rated
2022 Lexus LC 500h 2 DR RWD,16612,Lexus LC 500H,Not Rated
2022 Lexus LS 500 4 DR AWD,16652,Lexus LS 500,Not Rated
2022 Lexus LS 500 4 DR RWD,16609,Lexus LS 500,Not Rated
2022 Lexus LS 500h 4 DR AWD,16653,Lexus LS 500H,Not Rated
2022 Lexus LS 500h 4 DR RWD,16610,Lexus LS 500H,Not Rated
2022 Lexus LX 600 SUV AWD,17038,Lexus LX 600,Not Rated
2022 Lexus NX 250 SUV AWD,17029,Lexus NX 250,Not Rated
2022 Lexus NX 250 SUV FWD,17028,Lexus NX 250,Not Rated
2022 Lexus NX 350 SUV AWD,17025,Lexus NX 350,Not Rated
2022 Lexus NX 350h SUV AWD,17026,Lexus NX 350H,Not Rated
2022 Lexus NX 450h+ SUV AWD,17027,Lexus NX 450H+,Not Rated
2022 Lexus RC 300 2 DR AWD,16657,Lexus RC 300,Not Rated
2022 Lexus RC 300 2 DR RWD,16621,Lexus RC 300,Not Rated
2022 Lexus RC 350 2 DR AWD,16658,Lexus RC 350,Not Rated
2022 Lexus RC 350 2 DR RWD,16622,Lexus RC 350,Not Rated
2022 Lexus RC F 2 DR RWD,16620,Lexus RC F,Not Rated
2022 Lexus RX 350 SUV AWD,16659,Lexus RX 350,4
2022 Lexus RX 350 SUV FWD,16623,Lexus RX 350,4
2022 Lexus RX 350L SUV AWD,16660,Lexus RX 350L,4
2022 Lexus RX 350L SUV FWD,16624,Lexus RX 350L,4
2022 Lexus RX 450h SUV AWD,16625,Lexus RX 450H,4
2022 Lexus RX 450hL SUV AWD,16626,Lexus RX 450HL,4
2022 Lexus UX 200 5 HB FWD,16628,Lexus UX 200,5
2022 Lexus UX 250h 5 HB AWD,16629,Lexus UX 250H,5
2022 Audi Audi A3 4 DR AWD,16588,Audi AUDI A3,Not Rated
2022 Audi Audi A3 4 DR FWD,16539,Audi AUDI A3,Not Rated
2022 Audi Audi A4 4 DR AWD,16542,Audi AUDI A4,5
2022 Audi Audi A4 allroad SW AWD,16544,Audi AUDI A4 ALLROAD,Not Rated
2022 Audi Audi A5 2 DR AWD,16547,Audi AUDI A5,Not Rated
2022 Audi Audi A5 Cabriolet C AWD,16545,Audi AUDI A5 CABRIOLET,Not Rated
2022 Audi Audi A5 Sportback 4 DR AWD,16550,Audi AUDI A5 SPORTBACK,5
2022 Audi Audi A6 4 DR AWD,16555,Audi AUDI A6,5
2022 Audi Audi A6 allroad SW AWD,16553,Audi AUDI A6 ALLROAD,5
2022 Audi Audi A7 4 DR AWD,16557,Audi AUDI A7,Not Rated
2022 Audi Audi A7 PHEV 4 DR AWD,16558,Audi AUDI A7 PHEV,Not Rated
2022 Audi Audi A8 LWB 4 DR AWD,16561,Audi AUDI A8 LWB,Not Rated
2022 Audi Audi e-tron SUV AWD,16563,Audi AUDI E-TRON,5
2022 Audi Audi e-tron GT 4 DR AWD,16567,Audi AUDI E-TRON GT,Not Rated
2022 Audi Audi e-tron S SUV AWD,16564,Audi AUDI E-TRON S,Not Rated
2022 Audi Audi e-tron S Sportback SUV AWD,16566,Audi AUDI E-TRON S SPORTBACK,Not Rated
2022 Audi Audi e-tron Sportback SUV AWD,16565,Audi AUDI E-TRON SPORTBACK,5
2022 Audi Audi Q3 SUV AWD,16569,Audi AUDI Q3,5
2022 Audi Audi Q4 e-tron SUV AWD,16589,Audi AUDI Q4 E-TRON,5
2022 Audi Audi Q4 Sportback e-tron SUV AWD,16571,Audi AUDI Q4 SPORTBACK E-TRON,5
2022 Audi Audi Q5 SUV AWD,16572,Audi AUDI Q5,5
2022 Audi Audi Q5 PHEV SUV AWD,16574,Audi AUDI Q5 PHEV,Not Rated
2022 Audi Audi Q5 Sportback SUV AWD,16575,Audi AUDI Q5 SPORTBACK,5
2022 Audi Audi Q7 SUV AWD,16577,Audi AUDI Q7,Not Rated
2022 Audi Audi Q8 SUV AWD,16579,Audi AUDI Q8,Not Rated
2022 Audi Audi R8 2 DR AWD,16590,Audi AUDI R8,Not Rated
2022 Audi Audi R8 2 DR RWD,16582,Audi AUDI R8,Not Rated
2022 Audi Audi R8 Spyder C AWD,16591,Audi AUDI R8 SPYDER,Not Rated
2022 Audi Audi R8 Spyder C RWD,16583,Audi AUDI R8 SPYDER,Not Rated
2022 Audi Audi RS 3 4 DR AWD,16541,Audi AUDI RS 3,Not Rated
2022 Audi Audi RS 5 2 DR AWD,16549,Audi AUDI RS 5,Not Rated
2022 Audi Audi RS 5 Sportback 4 DR AWD,16552,Audi AUDI RS 5 SPORTBACK,Not Rated
2022 Audi Audi RS 6 Avant SW AWD,16554,Audi AUDI RS 6 AVANT,Not Rated
2022 Audi Audi RS 7 4 DR AWD,16560,Audi AUDI RS 7,Not Rated
2022 Audi Audi RS e-tron GT 4 DR AWD,16568,Audi AUDI RS E-TRON GT,Not Rated
2022 Audi Audi RS Q8 SUV AWD,16581,Audi AUDI RS Q8,Not Rated
2022 Audi Audi S3 4 DR AWD,16540,Audi AUDI S3,Not Rated
2022 Audi Audi S4 4 DR AWD,16543,Audi AUDI S4,Not Rated
2022 Audi Audi S5 2 DR AWD,16548,Audi AUDI S5,Not Rated
2022 Audi Audi S5 Cabriolet C AWD,16546,Audi AUDI S5 CABRIOLET,Not Rated
2022 Audi Audi S5 Sportback 4 DR AWD,16551,Audi AUDI S5 SPORTBACK,Not Rated
2022 Audi Audi S6 4 DR AWD,16556,Audi AUDI S6,Not Rated
2022 Audi Audi S7 4 DR AWD,16559,Audi AUDI S7,Not Rated
2022 Audi Audi S8 LWB 4 DR AWD,16562,Audi AUDI S8 LWB,Not Rated
2022 Audi Audi SQ5 SUV AWD,16573,Audi AUDI SQ5,Not Rated
2022 Audi Audi SQ5 Sportback SUV AWD,16576,Audi AUDI SQ5 SPORTBACK,Not Rated
2022 Audi Audi SQ7 SUV AWD,16578,Audi AUDI SQ7,Not Rated
2022 Audi Audi SQ8 SUV AWD,16580,Audi AUDI SQ8,Not Rated
2022 Audi Audi TT 2 DR AWD,16584,Audi AUDI TT,Not Rated
2022 Audi Audi TT Roadster C AWD,16587,Audi AUDI TT ROADSTER,Not Rated
2022 Audi Audi TT RS 2 DR AWD,16586,Audi AUDI TT RS,Not Rated
2022 Audi Audi TTS 2 DR AWD,16585,Audi AUDI TTS,Not Rated
2022 Mazda CX-30 SUV AWD,16099,Mazda CX-30,5
2022 Mazda CX-30 SUV FWD,16093,Mazda CX-30,5
2022 Mazda CX-5 SUV AWD,16100,Mazda CX-5,5
2022 Mazda CX-5 SUV FWD,16094,Mazda CX-5,5
2022 Mazda CX-9 SUV AWD,16101,Mazda CX-9,5
2022 Mazda CX-9 SUV FWD,16095,Mazda CX-9,5
2022 Mazda Mazda3 5 HB AWD,16098,Mazda MAZDA3,5
2022 Mazda Mazda3 4 DR AWD,16097,Mazda MAZDA3,5
2022 Mazda Mazda3 5 HB FWD,16092,Mazda MAZDA3,5
2022 Mazda Mazda3 4 DR FWD,16091,Mazda MAZDA3,5
2022 Mazda MX-30 5 HB FWD,17024,Mazda MX-30,5
2022 Mazda MX-5 C RWD,16096,Mazda MX-5,Not Rated
2022 Kia Carnival MV FWD,15949,Kia CARNIVAL,Not Rated
2022 Kia EV6 SUV AWD,16606,Kia EV6,Not Rated
2022 Kia EV6 SUV RWD,16603,Kia EV6,Not Rated
2022 Kia Forte 4 DR FWD,15950,Kia FORTE,4
2022 Kia K5 4 DR FWD,15951,Kia K5,5
2022 Kia Niro Electric SUV FWD,16602,Kia NIRO ELECTRIC,5
2022 Kia Niro Hybrid SUV FWD,16600,Kia NIRO HYBRID,4
2022 Kia Niro PHEV SUV FWD,16601,Kia NIRO PHEV,Not Rated
2022 Kia Rio 5 HB FWD,16599,Kia RIO,Not Rated
2022 Kia Rio 4 DR FWD,16598,Kia RIO,Not Rated
2022 Kia Seltos SUV AWD,15956,Kia SELTOS,4
2022 Kia Seltos SUV FWD,15953,Kia SELTOS,4
2022 Kia Sorento SUV AWD,16608,Kia SORENTO,4
2022 Kia Sorento SUV FWD,16605,Kia SORENTO,4
2022 Kia Sorento Hybrid SUV AWD,17031,Kia SORENTO HYBRID,4
2022 Kia Sorento Hybrid SUV FWD,15948,Kia SORENTO HYBRID,4
2022 Kia Sorento Plug-in Hybrid SUV AWD,15947,Kia SORENTO PLUG-IN HYBRID,Not Rated
2022 Kia Soul SUV FWD,15952,Kia SOUL,4
2022 Kia Sportage SUV AWD,16607,Kia SPORTAGE,5
2022 Kia Sportage SUV FWD,16604,Kia SPORTAGE,5
2022 Kia Stinger 4 DR AWD,15955,Kia STINGER,5
2022 Kia Stinger 4 DR RWD,15946,Kia STINGER,5
2022 Kia Telluride SUV AWD,15957,Kia TELLURIDE,5
2022 Kia Telluride SUV FWD,15954,Kia TELLURIDE,5
2022 Buick Enclave SUV FWD,16278,Buick ENCLAVE,4
2022 Buick Enclave SUV AWD,16240,Buick ENCLAVE,5
2022 Buick Encore SUV AWD,16020,Buick ENCORE,5
2022 Buick Encore SUV FWD,16010,Buick ENCORE,5
2022 Buick Encore GX SUV AWD,16022,Buick ENCORE GX,5
2022 Buick Encore GX SUV FWD,16012,Buick ENCORE GX,5
2022 Buick Envision SUV AWD,16084,Buick ENVISION,5
2022 Buick Envision SUV FWD,16074,Buick ENVISION,5
2022 Cadillac CT4 4 DR AWD,16080,Cadillac CT4,Not Rated
2022 Cadillac CT4 4 DR RWD,16068,Cadillac CT4,Not Rated
2022 Cadillac CT4-V 4 DR AWD,16081,Cadillac CT4-V,Not Rated
2022 Cadillac CT4-V 4 DR RWD,16069,Cadillac CT4-V,Not Rated
2022 Cadillac CT4-V Blackwing 4 DR RWD,16070,Cadillac CT4-V BLACKWING,Not Rated
2022 Cadillac CT5 4 DR AWD,16082,Cadillac CT5,5
2022 Cadillac CT5 4 DR RWD,16071,Cadillac CT5,5
2022 Cadillac CT5-V 4 DR AWD,16083,Cadillac CT5-V,Not Rated
2022 Cadillac CT5-V 4 DR RWD,16072,Cadillac CT5-V,Not Rated
2022 Cadillac CT5-V Blackwing 4 DR RWD,16073,Cadillac CT5-V BLACKWING,Not Rated
2022 Cadillac Escalade SUV 2WD,16281,Cadillac ESCALADE,4
2022 Cadillac Escalade SUV 4WD,16243,Cadillac ESCALADE,4
2022 Cadillac Escalade ESV SUV 2WD,16284,Cadillac ESCALADE ESV,4
2022 Cadillac Escalade ESV SUV 4WD,16246,Cadillac ESCALADE ESV,4
2022 Cadillac XT4 SUV AWD,16087,Cadillac XT4,5
2022 Cadillac XT4 SUV FWD,16077,Cadillac XT4,5
2022 Cadillac XT5 SUV AWD,16086,Cadillac XT5,5
2022 Cadillac XT5 SUV FWD,16076,Cadillac XT5,5
2022 Cadillac XT6 SUV AWD,16088,Cadillac XT6,5
2022 Cadillac XT6 SUV FWD,16078,Cadillac XT6,5
